forecast_date,target,target_end_date,location,type,quantile,value
2021-05-03,1 wk ahead inc case,2021-05-08,06,quantile,0.025,7018
2021-05-03,2 wk ahead inc case,2021-05-15,06,quantile,0.025,4934
2021-05-03,3 wk ahead inc case,2021-05-22,06,quantile,0.025,3505
2021-05-03,4 wk ahead inc case,2021-05-29,06,quantile,0.025,2355
2021-05-03,1 wk ahead inc case,2021-05-08,06,quantile,0.1,8542
2021-05-03,2 wk ahead inc case,2021-05-15,06,quantile,0.1,6422
2021-05-03,3 wk ahead inc case,2021-05-22,06,quantile,0.1,4829
2021-05-03,4 wk ahead inc case,2021-05-29,06,quantile,0.1,3525
2021-05-03,1 wk ahead inc case,2021-05-08,06,quantile,0.25,9906
2021-05-03,2 wk ahead inc case,2021-05-15,06,quantile,0.25,7753
2021-05-03,3 wk ahead inc case,2021-05-22,06,quantile,0.25,6014
2021-05-03,4 wk ahead inc case,2021-05-29,06,quantile,0.25,4572
2021-05-03,1 wk ahead inc case,2021-05-08,06,quantile,0.5,11421
2021-05-03,2 wk ahead inc case,2021-05-15,06,quantile,0.5,9231
2021-05-03,3 wk ahead inc case,2021-05-22,06,quantile,0.5,7331
2021-05-03,4 wk ahead inc case,2021-05-29,06,quantile,0.5,5736
2021-05-03,1 wk ahead inc case,2021-05-08,06,quantile,0.75,12936
2021-05-03,2 wk ahead inc case,2021-05-15,06,quantile,0.75,10710
2021-05-03,3 wk ahead inc case,2021-05-22,06,quantile,0.75,8648
2021-05-03,4 wk ahead inc case,2021-05-29,06,quantile,0.75,6899
2021-05-03,1 wk ahead inc case,2021-05-08,06,quantile,0.9,14300
2021-05-03,2 wk ahead inc case,2021-05-15,06,quantile,0.9,12041
2021-05-03,3 wk ahead inc case,2021-05-22,06,quantile,0.9,9833
2021-05-03,4 wk ahead inc case,2021-05-29,06,quantile,0.9,7947
2021-05-03,1 wk ahead inc case,2021-05-08,06,quantile,0.975,15824
2021-05-03,2 wk ahead inc case,2021-05-15,06,quantile,0.975,13529
2021-05-03,3 wk ahead inc case,2021-05-22,06,quantile,0.975,11157
2021-05-03,4 wk ahead inc case,2021-05-29,06,quantile,0.975,9117
2021-05-03,1 wk ahead inc case,2021-05-08,06,point,NA,11421
2021-05-03,2 wk ahead inc case,2021-05-15,06,point,NA,9231
2021-05-03,3 wk ahead inc case,2021-05-22,06,point,NA,7331
2021-05-03,4 wk ahead inc case,2021-05-29,06,point,NA,5736
2021-05-03,1 day ahead inc hosp,2021-05-04,06,quantile,0.01,80.18
2021-05-03,2 day ahead inc hosp,2021-05-05,06,quantile,0.01,74.1
2021-05-03,3 day ahead inc hosp,2021-05-06,06,quantile,0.01,68.09
2021-05-03,4 day ahead inc hosp,2021-05-07,06,quantile,0.01,62.17
2021-05-03,5 day ahead inc hosp,2021-05-08,06,quantile,0.01,56.36
2021-05-03,6 day ahead inc hosp,2021-05-09,06,quantile,0.01,50.66
2021-05-03,7 day ahead inc hosp,2021-05-10,06,quantile,0.01,45.07
2021-05-03,8 day ahead inc hosp,2021-05-11,06,quantile,0.01,39.6
2021-05-03,9 day ahead inc hosp,2021-05-12,06,quantile,0.01,34.25
2021-05-03,10 day ahead inc hosp,2021-05-13,06,quantile,0.01,29.01
2021-05-03,11 day ahead inc hosp,2021-05-14,06,quantile,0.01,23.9
2021-05-03,12 day ahead inc hosp,2021-05-15,06,quantile,0.01,18.9
2021-05-03,13 day ahead inc hosp,2021-05-16,06,quantile,0.01,14.03
2021-05-03,14 day ahead inc hosp,2021-05-17,06,quantile,0.01,9.267
2021-05-03,15 day ahead inc hosp,2021-05-18,06,quantile,0.01,4.625
2021-05-03,16 day ahead inc hosp,2021-05-19,06,quantile,0.01,0.09781
2021-05-03,17 day ahead inc hosp,2021-05-20,06,quantile,0.01,0
2021-05-03,18 day ahead inc hosp,2021-05-21,06,quantile,0.01,0
2021-05-03,19 day ahead inc hosp,2021-05-22,06,quantile,0.01,0
2021-05-03,20 day ahead inc hosp,2021-05-23,06,quantile,0.01,0
2021-05-03,21 day ahead inc hosp,2021-05-24,06,quantile,0.01,0
2021-05-03,22 day ahead inc hosp,2021-05-25,06,quantile,0.01,0
2021-05-03,23 day ahead inc hosp,2021-05-26,06,quantile,0.01,0
2021-05-03,24 day ahead inc hosp,2021-05-27,06,quantile,0.01,0
2021-05-03,25 day ahead inc hosp,2021-05-28,06,quantile,0.01,0
2021-05-03,26 day ahead inc hosp,2021-05-29,06,quantile,0.01,0
2021-05-03,27 day ahead inc hosp,2021-05-30,06,quantile,0.01,0
2021-05-03,28 day ahead inc hosp,2021-05-31,06,quantile,0.01,0
2021-05-03,1 day ahead inc hosp,2021-05-04,06,quantile,0.025,101.4
2021-05-03,2 day ahead inc hosp,2021-05-05,06,quantile,0.025,95.29
2021-05-03,3 day ahead inc hosp,2021-05-06,06,quantile,0.025,89.26
2021-05-03,4 day ahead inc hosp,2021-05-07,06,quantile,0.025,83.33
2021-05-03,5 day ahead inc hosp,2021-05-08,06,quantile,0.025,77.49
2021-05-03,6 day ahead inc hosp,2021-05-09,06,quantile,0.025,71.77
2021-05-03,7 day ahead inc hosp,2021-05-10,06,quantile,0.025,66.16
2021-05-03,8 day ahead inc hosp,2021-05-11,06,quantile,0.025,60.67
2021-05-03,9 day ahead inc hosp,2021-05-12,06,quantile,0.025,55.3
2021-05-03,10 day ahead inc hosp,2021-05-13,06,quantile,0.025,50.05
2021-05-03,11 day ahead inc hosp,2021-05-14,06,quantile,0.025,44.91
2021-05-03,12 day ahead inc hosp,2021-05-15,06,quantile,0.025,39.9
2021-05-03,13 day ahead inc hosp,2021-05-16,06,quantile,0.025,35.01
2021-05-03,14 day ahead inc hosp,2021-05-17,06,quantile,0.025,30.23
2021-05-03,15 day ahead inc hosp,2021-05-18,06,quantile,0.025,25.57
2021-05-03,16 day ahead inc hosp,2021-05-19,06,quantile,0.025,21.03
2021-05-03,17 day ahead inc hosp,2021-05-20,06,quantile,0.025,16.6
2021-05-03,18 day ahead inc hosp,2021-05-21,06,quantile,0.025,12.28
2021-05-03,19 day ahead inc hosp,2021-05-22,06,quantile,0.025,8.082
2021-05-03,20 day ahead inc hosp,2021-05-23,06,quantile,0.025,3.991
2021-05-03,21 day ahead inc hosp,2021-05-24,06,quantile,0.025,0.009733
2021-05-03,22 day ahead inc hosp,2021-05-25,06,quantile,0.025,0
2021-05-03,23 day ahead inc hosp,2021-05-26,06,quantile,0.025,0
2021-05-03,24 day ahead inc hosp,2021-05-27,06,quantile,0.025,0
2021-05-03,25 day ahead inc hosp,2021-05-28,06,quantile,0.025,0
2021-05-03,26 day ahead inc hosp,2021-05-29,06,quantile,0.025,0
2021-05-03,27 day ahead inc hosp,2021-05-30,06,quantile,0.025,0
2021-05-03,28 day ahead inc hosp,2021-05-31,06,quantile,0.025,0
2021-05-03,1 day ahead inc hosp,2021-05-04,06,quantile,0.05,119.6
2021-05-03,2 day ahead inc hosp,2021-05-05,06,quantile,0.05,113.5
2021-05-03,3 day ahead inc hosp,2021-05-06,06,quantile,0.05,107.5
2021-05-03,4 day ahead inc hosp,2021-05-07,06,quantile,0.05,101.5
2021-05-03,5 day ahead inc hosp,2021-05-08,06,quantile,0.05,95.67
2021-05-03,6 day ahead inc hosp,2021-05-09,06,quantile,0.05,89.93
2021-05-03,7 day ahead inc hosp,2021-05-10,06,quantile,0.05,84.3
2021-05-03,8 day ahead inc hosp,2021-05-11,06,quantile,0.05,78.79
2021-05-03,9 day ahead inc hosp,2021-05-12,06,quantile,0.05,73.4
2021-05-03,10 day ahead inc hosp,2021-05-13,06,quantile,0.05,68.14
2021-05-03,11 day ahead inc hosp,2021-05-14,06,quantile,0.05,62.99
2021-05-03,12 day ahead inc hosp,2021-05-15,06,quantile,0.05,57.96
2021-05-03,13 day ahead inc hosp,2021-05-16,06,quantile,0.05,53.05
2021-05-03,14 day ahead inc hosp,2021-05-17,06,quantile,0.05,48.26
2021-05-03,15 day ahead inc hosp,2021-05-18,06,quantile,0.05,43.58
2021-05-03,16 day ahead inc hosp,2021-05-19,06,quantile,0.05,39.03
2021-05-03,17 day ahead inc hosp,2021-05-20,06,quantile,0.05,34.58
2021-05-03,18 day ahead inc hosp,2021-05-21,06,quantile,0.05,30.26
2021-05-03,19 day ahead inc hosp,2021-05-22,06,quantile,0.05,26.04
2021-05-03,20 day ahead inc hosp,2021-05-23,06,quantile,0.05,21.94
2021-05-03,21 day ahead inc hosp,2021-05-24,06,quantile,0.05,17.94
2021-05-03,22 day ahead inc hosp,2021-05-25,06,quantile,0.05,14.06
2021-05-03,23 day ahead inc hosp,2021-05-26,06,quantile,0.05,10.28
2021-05-03,24 day ahead inc hosp,2021-05-27,06,quantile,0.05,6.61
2021-05-03,25 day ahead inc hosp,2021-05-28,06,quantile,0.05,3.042
2021-05-03,26 day ahead inc hosp,2021-05-29,06,quantile,0.05,0
2021-05-03,27 day ahead inc hosp,2021-05-30,06,quantile,0.05,0
2021-05-03,28 day ahead inc hosp,2021-05-31,06,quantile,0.05,0
2021-05-03,1 day ahead inc hosp,2021-05-04,06,quantile,0.1,140.7
2021-05-03,2 day ahead inc hosp,2021-05-05,06,quantile,0.1,134.5
2021-05-03,3 day ahead inc hosp,2021-05-06,06,quantile,0.1,128.5
2021-05-03,4 day ahead inc hosp,2021-05-07,06,quantile,0.1,122.5
2021-05-03,5 day ahead inc hosp,2021-05-08,06,quantile,0.1,116.6
2021-05-03,6 day ahead inc hosp,2021-05-09,06,quantile,0.1,110.9
2021-05-03,7 day ahead inc hosp,2021-05-10,06,quantile,0.1,105.2
2021-05-03,8 day ahead inc hosp,2021-05-11,06,quantile,0.1,99.69
2021-05-03,9 day ahead inc hosp,2021-05-12,06,quantile,0.1,94.28
2021-05-03,10 day ahead inc hosp,2021-05-13,06,quantile,0.1,88.99
2021-05-03,11 day ahead inc hosp,2021-05-14,06,quantile,0.1,83.83
2021-05-03,12 day ahead inc hosp,2021-05-15,06,quantile,0.1,78.78
2021-05-03,13 day ahead inc hosp,2021-05-16,06,quantile,0.1,73.85
2021-05-03,14 day ahead inc hosp,2021-05-17,06,quantile,0.1,69.04
2021-05-03,15 day ahead inc hosp,2021-05-18,06,quantile,0.1,64.35
2021-05-03,16 day ahead inc hosp,2021-05-19,06,quantile,0.1,59.78
2021-05-03,17 day ahead inc hosp,2021-05-20,06,quantile,0.1,55.32
2021-05-03,18 day ahead inc hosp,2021-05-21,06,quantile,0.1,50.98
2021-05-03,19 day ahead inc hosp,2021-05-22,06,quantile,0.1,46.75
2021-05-03,20 day ahead inc hosp,2021-05-23,06,quantile,0.1,42.63
2021-05-03,21 day ahead inc hosp,2021-05-24,06,quantile,0.1,38.62
2021-05-03,22 day ahead inc hosp,2021-05-25,06,quantile,0.1,34.72
2021-05-03,23 day ahead inc hosp,2021-05-26,06,quantile,0.1,30.93
2021-05-03,24 day ahead inc hosp,2021-05-27,06,quantile,0.1,27.25
2021-05-03,25 day ahead inc hosp,2021-05-28,06,quantile,0.1,23.67
2021-05-03,26 day ahead inc hosp,2021-05-29,06,quantile,0.1,20.19
2021-05-03,27 day ahead inc hosp,2021-05-30,06,quantile,0.1,16.81
2021-05-03,28 day ahead inc hosp,2021-05-31,06,quantile,0.1,13.53
2021-05-03,1 day ahead inc hosp,2021-05-04,06,quantile,0.15,154.9
2021-05-03,2 day ahead inc hosp,2021-05-05,06,quantile,0.15,148.7
2021-05-03,3 day ahead inc hosp,2021-05-06,06,quantile,0.15,142.6
2021-05-03,4 day ahead inc hosp,2021-05-07,06,quantile,0.15,136.6
2021-05-03,5 day ahead inc hosp,2021-05-08,06,quantile,0.15,130.8
2021-05-03,6 day ahead inc hosp,2021-05-09,06,quantile,0.15,125
2021-05-03,7 day ahead inc hosp,2021-05-10,06,quantile,0.15,119.3
2021-05-03,8 day ahead inc hosp,2021-05-11,06,quantile,0.15,113.8
2021-05-03,9 day ahead inc hosp,2021-05-12,06,quantile,0.15,108.4
2021-05-03,10 day ahead inc hosp,2021-05-13,06,quantile,0.15,103.1
2021-05-03,11 day ahead inc hosp,2021-05-14,06,quantile,0.15,97.89
2021-05-03,12 day ahead inc hosp,2021-05-15,06,quantile,0.15,92.83
2021-05-03,13 day ahead inc hosp,2021-05-16,06,quantile,0.15,87.89
2021-05-03,14 day ahead inc hosp,2021-05-17,06,quantile,0.15,83.07
2021-05-03,15 day ahead inc hosp,2021-05-18,06,quantile,0.15,78.37
2021-05-03,16 day ahead inc hosp,2021-05-19,06,quantile,0.15,73.78
2021-05-03,17 day ahead inc hosp,2021-05-20,06,quantile,0.15,69.31
2021-05-03,18 day ahead inc hosp,2021-05-21,06,quantile,0.15,64.96
2021-05-03,19 day ahead inc hosp,2021-05-22,06,quantile,0.15,60.72
2021-05-03,20 day ahead inc hosp,2021-05-23,06,quantile,0.15,56.59
2021-05-03,21 day ahead inc hosp,2021-05-24,06,quantile,0.15,52.57
2021-05-03,22 day ahead inc hosp,2021-05-25,06,quantile,0.15,48.67
2021-05-03,23 day ahead inc hosp,2021-05-26,06,quantile,0.15,44.87
2021-05-03,24 day ahead inc hosp,2021-05-27,06,quantile,0.15,41.17
2021-05-03,25 day ahead inc hosp,2021-05-28,06,quantile,0.15,37.58
2021-05-03,26 day ahead inc hosp,2021-05-29,06,quantile,0.15,34.1
2021-05-03,27 day ahead inc hosp,2021-05-30,06,quantile,0.15,30.71
2021-05-03,28 day ahead inc hosp,2021-05-31,06,quantile,0.15,27.42
2021-05-03,1 day ahead inc hosp,2021-05-04,06,quantile,0.2,166.2
2021-05-03,2 day ahead inc hosp,2021-05-05,06,quantile,0.2,160
2021-05-03,3 day ahead inc hosp,2021-05-06,06,quantile,0.2,153.9
2021-05-03,4 day ahead inc hosp,2021-05-07,06,quantile,0.2,147.9
2021-05-03,5 day ahead inc hosp,2021-05-08,06,quantile,0.2,142
2021-05-03,6 day ahead inc hosp,2021-05-09,06,quantile,0.2,136.2
2021-05-03,7 day ahead inc hosp,2021-05-10,06,quantile,0.2,130.5
2021-05-03,8 day ahead inc hosp,2021-05-11,06,quantile,0.2,125
2021-05-03,9 day ahead inc hosp,2021-05-12,06,quantile,0.2,119.6
2021-05-03,10 day ahead inc hosp,2021-05-13,06,quantile,0.2,114.2
2021-05-03,11 day ahead inc hosp,2021-05-14,06,quantile,0.2,109.1
2021-05-03,12 day ahead inc hosp,2021-05-15,06,quantile,0.2,104
2021-05-03,13 day ahead inc hosp,2021-05-16,06,quantile,0.2,99.04
2021-05-03,14 day ahead inc hosp,2021-05-17,06,quantile,0.2,94.21
2021-05-03,15 day ahead inc hosp,2021-05-18,06,quantile,0.2,89.5
2021-05-03,16 day ahead inc hosp,2021-05-19,06,quantile,0.2,84.91
2021-05-03,17 day ahead inc hosp,2021-05-20,06,quantile,0.2,80.43
2021-05-03,18 day ahead inc hosp,2021-05-21,06,quantile,0.2,76.07
2021-05-03,19 day ahead inc hosp,2021-05-22,06,quantile,0.2,71.82
2021-05-03,20 day ahead inc hosp,2021-05-23,06,quantile,0.2,67.69
2021-05-03,21 day ahead inc hosp,2021-05-24,06,quantile,0.2,63.66
2021-05-03,22 day ahead inc hosp,2021-05-25,06,quantile,0.2,59.75
2021-05-03,23 day ahead inc hosp,2021-05-26,06,quantile,0.2,55.94
2021-05-03,24 day ahead inc hosp,2021-05-27,06,quantile,0.2,52.24
2021-05-03,25 day ahead inc hosp,2021-05-28,06,quantile,0.2,48.64
2021-05-03,26 day ahead inc hosp,2021-05-29,06,quantile,0.2,45.15
2021-05-03,27 day ahead inc hosp,2021-05-30,06,quantile,0.2,41.76
2021-05-03,28 day ahead inc hosp,2021-05-31,06,quantile,0.2,38.46
2021-05-03,1 day ahead inc hosp,2021-05-04,06,quantile,0.25,175.8
2021-05-03,2 day ahead inc hosp,2021-05-05,06,quantile,0.25,169.7
2021-05-03,3 day ahead inc hosp,2021-05-06,06,quantile,0.25,163.6
2021-05-03,4 day ahead inc hosp,2021-05-07,06,quantile,0.25,157.5
2021-05-03,5 day ahead inc hosp,2021-05-08,06,quantile,0.25,151.6
2021-05-03,6 day ahead inc hosp,2021-05-09,06,quantile,0.25,145.8
2021-05-03,7 day ahead inc hosp,2021-05-10,06,quantile,0.25,140.2
2021-05-03,8 day ahead inc hosp,2021-05-11,06,quantile,0.25,134.6
2021-05-03,9 day ahead inc hosp,2021-05-12,06,quantile,0.25,129.2
2021-05-03,10 day ahead inc hosp,2021-05-13,06,quantile,0.25,123.8
2021-05-03,11 day ahead inc hosp,2021-05-14,06,quantile,0.25,118.6
2021-05-03,12 day ahead inc hosp,2021-05-15,06,quantile,0.25,113.6
2021-05-03,13 day ahead inc hosp,2021-05-16,06,quantile,0.25,108.6
2021-05-03,14 day ahead inc hosp,2021-05-17,06,quantile,0.25,103.8
2021-05-03,15 day ahead inc hosp,2021-05-18,06,quantile,0.25,99.06
2021-05-03,16 day ahead inc hosp,2021-05-19,06,quantile,0.25,94.46
2021-05-03,17 day ahead inc hosp,2021-05-20,06,quantile,0.25,89.97
2021-05-03,18 day ahead inc hosp,2021-05-21,06,quantile,0.25,85.6
2021-05-03,19 day ahead inc hosp,2021-05-22,06,quantile,0.25,81.35
2021-05-03,20 day ahead inc hosp,2021-05-23,06,quantile,0.25,77.21
2021-05-03,21 day ahead inc hosp,2021-05-24,06,quantile,0.25,73.17
2021-05-03,22 day ahead inc hosp,2021-05-25,06,quantile,0.25,69.25
2021-05-03,23 day ahead inc hosp,2021-05-26,06,quantile,0.25,65.44
2021-05-03,24 day ahead inc hosp,2021-05-27,06,quantile,0.25,61.73
2021-05-03,25 day ahead inc hosp,2021-05-28,06,quantile,0.25,58.13
2021-05-03,26 day ahead inc hosp,2021-05-29,06,quantile,0.25,54.63
2021-05-03,27 day ahead inc hosp,2021-05-30,06,quantile,0.25,51.23
2021-05-03,28 day ahead inc hosp,2021-05-31,06,quantile,0.25,47.94
2021-05-03,1 day ahead inc hosp,2021-05-04,06,quantile,0.3,184.5
2021-05-03,2 day ahead inc hosp,2021-05-05,06,quantile,0.3,178.3
2021-05-03,3 day ahead inc hosp,2021-05-06,06,quantile,0.3,172.2
2021-05-03,4 day ahead inc hosp,2021-05-07,06,quantile,0.3,166.2
2021-05-03,5 day ahead inc hosp,2021-05-08,06,quantile,0.3,160.3
2021-05-03,6 day ahead inc hosp,2021-05-09,06,quantile,0.3,154.5
2021-05-03,7 day ahead inc hosp,2021-05-10,06,quantile,0.3,148.8
2021-05-03,8 day ahead inc hosp,2021-05-11,06,quantile,0.3,143.2
2021-05-03,9 day ahead inc hosp,2021-05-12,06,quantile,0.3,137.8
2021-05-03,10 day ahead inc hosp,2021-05-13,06,quantile,0.3,132.5
2021-05-03,11 day ahead inc hosp,2021-05-14,06,quantile,0.3,127.3
2021-05-03,12 day ahead inc hosp,2021-05-15,06,quantile,0.3,122.2
2021-05-03,13 day ahead inc hosp,2021-05-16,06,quantile,0.3,117.2
2021-05-03,14 day ahead inc hosp,2021-05-17,06,quantile,0.3,112.4
2021-05-03,15 day ahead inc hosp,2021-05-18,06,quantile,0.3,107.6
2021-05-03,16 day ahead inc hosp,2021-05-19,06,quantile,0.3,103
2021-05-03,17 day ahead inc hosp,2021-05-20,06,quantile,0.3,98.54
2021-05-03,18 day ahead inc hosp,2021-05-21,06,quantile,0.3,94.16
2021-05-03,19 day ahead inc hosp,2021-05-22,06,quantile,0.3,89.9
2021-05-03,20 day ahead inc hosp,2021-05-23,06,quantile,0.3,85.75
2021-05-03,21 day ahead inc hosp,2021-05-24,06,quantile,0.3,81.72
2021-05-03,22 day ahead inc hosp,2021-05-25,06,quantile,0.3,77.79
2021-05-03,23 day ahead inc hosp,2021-05-26,06,quantile,0.3,73.97
2021-05-03,24 day ahead inc hosp,2021-05-27,06,quantile,0.3,70.26
2021-05-03,25 day ahead inc hosp,2021-05-28,06,quantile,0.3,66.65
2021-05-03,26 day ahead inc hosp,2021-05-29,06,quantile,0.3,63.15
2021-05-03,27 day ahead inc hosp,2021-05-30,06,quantile,0.3,59.74
2021-05-03,28 day ahead inc hosp,2021-05-31,06,quantile,0.3,56.44
2021-05-03,1 day ahead inc hosp,2021-05-04,06,quantile,0.35,192.6
2021-05-03,2 day ahead inc hosp,2021-05-05,06,quantile,0.35,186.4
2021-05-03,3 day ahead inc hosp,2021-05-06,06,quantile,0.35,180.3
2021-05-03,4 day ahead inc hosp,2021-05-07,06,quantile,0.35,174.2
2021-05-03,5 day ahead inc hosp,2021-05-08,06,quantile,0.35,168.3
2021-05-03,6 day ahead inc hosp,2021-05-09,06,quantile,0.35,162.5
2021-05-03,7 day ahead inc hosp,2021-05-10,06,quantile,0.35,156.8
2021-05-03,8 day ahead inc hosp,2021-05-11,06,quantile,0.35,151.2
2021-05-03,9 day ahead inc hosp,2021-05-12,06,quantile,0.35,145.8
2021-05-03,10 day ahead inc hosp,2021-05-13,06,quantile,0.35,140.4
2021-05-03,11 day ahead inc hosp,2021-05-14,06,quantile,0.35,135.2
2021-05-03,12 day ahead inc hosp,2021-05-15,06,quantile,0.35,130.1
2021-05-03,13 day ahead inc hosp,2021-05-16,06,quantile,0.35,125.2
2021-05-03,14 day ahead inc hosp,2021-05-17,06,quantile,0.35,120.3
2021-05-03,15 day ahead inc hosp,2021-05-18,06,quantile,0.35,115.6
2021-05-03,16 day ahead inc hosp,2021-05-19,06,quantile,0.35,111
2021-05-03,17 day ahead inc hosp,2021-05-20,06,quantile,0.35,106.5
2021-05-03,18 day ahead inc hosp,2021-05-21,06,quantile,0.35,102.1
2021-05-03,19 day ahead inc hosp,2021-05-22,06,quantile,0.35,97.83
2021-05-03,20 day ahead inc hosp,2021-05-23,06,quantile,0.35,93.67
2021-05-03,21 day ahead inc hosp,2021-05-24,06,quantile,0.35,89.63
2021-05-03,22 day ahead inc hosp,2021-05-25,06,quantile,0.35,85.7
2021-05-03,23 day ahead inc hosp,2021-05-26,06,quantile,0.35,81.88
2021-05-03,24 day ahead inc hosp,2021-05-27,06,quantile,0.35,78.16
2021-05-03,25 day ahead inc hosp,2021-05-28,06,quantile,0.35,74.55
2021-05-03,26 day ahead inc hosp,2021-05-29,06,quantile,0.35,71.04
2021-05-03,27 day ahead inc hosp,2021-05-30,06,quantile,0.35,67.63
2021-05-03,28 day ahead inc hosp,2021-05-31,06,quantile,0.35,64.32
2021-05-03,1 day ahead inc hosp,2021-05-04,06,quantile,0.4,200.2
2021-05-03,2 day ahead inc hosp,2021-05-05,06,quantile,0.4,194
2021-05-03,3 day ahead inc hosp,2021-05-06,06,quantile,0.4,187.9
2021-05-03,4 day ahead inc hosp,2021-05-07,06,quantile,0.4,181.9
2021-05-03,5 day ahead inc hosp,2021-05-08,06,quantile,0.4,175.9
2021-05-03,6 day ahead inc hosp,2021-05-09,06,quantile,0.4,170.1
2021-05-03,7 day ahead inc hosp,2021-05-10,06,quantile,0.4,164.4
2021-05-03,8 day ahead inc hosp,2021-05-11,06,quantile,0.4,158.8
2021-05-03,9 day ahead inc hosp,2021-05-12,06,quantile,0.4,153.4
2021-05-03,10 day ahead inc hosp,2021-05-13,06,quantile,0.4,148
2021-05-03,11 day ahead inc hosp,2021-05-14,06,quantile,0.4,142.8
2021-05-03,12 day ahead inc hosp,2021-05-15,06,quantile,0.4,137.7
2021-05-03,13 day ahead inc hosp,2021-05-16,06,quantile,0.4,132.7
2021-05-03,14 day ahead inc hosp,2021-05-17,06,quantile,0.4,127.9
2021-05-03,15 day ahead inc hosp,2021-05-18,06,quantile,0.4,123.1
2021-05-03,16 day ahead inc hosp,2021-05-19,06,quantile,0.4,118.5
2021-05-03,17 day ahead inc hosp,2021-05-20,06,quantile,0.4,114
2021-05-03,18 day ahead inc hosp,2021-05-21,06,quantile,0.4,109.6
2021-05-03,19 day ahead inc hosp,2021-05-22,06,quantile,0.4,105.4
2021-05-03,20 day ahead inc hosp,2021-05-23,06,quantile,0.4,101.2
2021-05-03,21 day ahead inc hosp,2021-05-24,06,quantile,0.4,97.14
2021-05-03,22 day ahead inc hosp,2021-05-25,06,quantile,0.4,93.21
2021-05-03,23 day ahead inc hosp,2021-05-26,06,quantile,0.4,89.38
2021-05-03,24 day ahead inc hosp,2021-05-27,06,quantile,0.4,85.65
2021-05-03,25 day ahead inc hosp,2021-05-28,06,quantile,0.4,82.04
2021-05-03,26 day ahead inc hosp,2021-05-29,06,quantile,0.4,78.52
2021-05-03,27 day ahead inc hosp,2021-05-30,06,quantile,0.4,75.11
2021-05-03,28 day ahead inc hosp,2021-05-31,06,quantile,0.4,71.8
2021-05-03,1 day ahead inc hosp,2021-05-04,06,quantile,0.45,207.6
2021-05-03,2 day ahead inc hosp,2021-05-05,06,quantile,0.45,201.4
2021-05-03,3 day ahead inc hosp,2021-05-06,06,quantile,0.45,195.3
2021-05-03,4 day ahead inc hosp,2021-05-07,06,quantile,0.45,189.2
2021-05-03,5 day ahead inc hosp,2021-05-08,06,quantile,0.45,183.3
2021-05-03,6 day ahead inc hosp,2021-05-09,06,quantile,0.45,177.5
2021-05-03,7 day ahead inc hosp,2021-05-10,06,quantile,0.45,171.8
2021-05-03,8 day ahead inc hosp,2021-05-11,06,quantile,0.45,166.2
2021-05-03,9 day ahead inc hosp,2021-05-12,06,quantile,0.45,160.7
2021-05-03,10 day ahead inc hosp,2021-05-13,06,quantile,0.45,155.3
2021-05-03,11 day ahead inc hosp,2021-05-14,06,quantile,0.45,150.1
2021-05-03,12 day ahead inc hosp,2021-05-15,06,quantile,0.45,145
2021-05-03,13 day ahead inc hosp,2021-05-16,06,quantile,0.45,140
2021-05-03,14 day ahead inc hosp,2021-05-17,06,quantile,0.45,135.2
2021-05-03,15 day ahead inc hosp,2021-05-18,06,quantile,0.45,130.4
2021-05-03,16 day ahead inc hosp,2021-05-19,06,quantile,0.45,125.8
2021-05-03,17 day ahead inc hosp,2021-05-20,06,quantile,0.45,121.3
2021-05-03,18 day ahead inc hosp,2021-05-21,06,quantile,0.45,116.9
2021-05-03,19 day ahead inc hosp,2021-05-22,06,quantile,0.45,112.6
2021-05-03,20 day ahead inc hosp,2021-05-23,06,quantile,0.45,108.5
2021-05-03,21 day ahead inc hosp,2021-05-24,06,quantile,0.45,104.4
2021-05-03,22 day ahead inc hosp,2021-05-25,06,quantile,0.45,100.5
2021-05-03,23 day ahead inc hosp,2021-05-26,06,quantile,0.45,96.63
2021-05-03,24 day ahead inc hosp,2021-05-27,06,quantile,0.45,92.91
2021-05-03,25 day ahead inc hosp,2021-05-28,06,quantile,0.45,89.29
2021-05-03,26 day ahead inc hosp,2021-05-29,06,quantile,0.45,85.77
2021-05-03,27 day ahead inc hosp,2021-05-30,06,quantile,0.45,82.35
2021-05-03,28 day ahead inc hosp,2021-05-31,06,quantile,0.45,79.04
2021-05-03,1 day ahead inc hosp,2021-05-04,06,quantile,0.5,214.9
2021-05-03,2 day ahead inc hosp,2021-05-05,06,quantile,0.5,208.7
2021-05-03,3 day ahead inc hosp,2021-05-06,06,quantile,0.5,202.5
2021-05-03,4 day ahead inc hosp,2021-05-07,06,quantile,0.5,196.5
2021-05-03,5 day ahead inc hosp,2021-05-08,06,quantile,0.5,190.5
2021-05-03,6 day ahead inc hosp,2021-05-09,06,quantile,0.5,184.7
2021-05-03,7 day ahead inc hosp,2021-05-10,06,quantile,0.5,179
2021-05-03,8 day ahead inc hosp,2021-05-11,06,quantile,0.5,173.4
2021-05-03,9 day ahead inc hosp,2021-05-12,06,quantile,0.5,167.9
2021-05-03,10 day ahead inc hosp,2021-05-13,06,quantile,0.5,162.6
2021-05-03,11 day ahead inc hosp,2021-05-14,06,quantile,0.5,157.3
2021-05-03,12 day ahead inc hosp,2021-05-15,06,quantile,0.5,152.2
2021-05-03,13 day ahead inc hosp,2021-05-16,06,quantile,0.5,147.2
2021-05-03,14 day ahead inc hosp,2021-05-17,06,quantile,0.5,142.4
2021-05-03,15 day ahead inc hosp,2021-05-18,06,quantile,0.5,137.6
2021-05-03,16 day ahead inc hosp,2021-05-19,06,quantile,0.5,133
2021-05-03,17 day ahead inc hosp,2021-05-20,06,quantile,0.5,128.5
2021-05-03,18 day ahead inc hosp,2021-05-21,06,quantile,0.5,124.1
2021-05-03,19 day ahead inc hosp,2021-05-22,06,quantile,0.5,119.8
2021-05-03,20 day ahead inc hosp,2021-05-23,06,quantile,0.5,115.6
2021-05-03,21 day ahead inc hosp,2021-05-24,06,quantile,0.5,111.6
2021-05-03,22 day ahead inc hosp,2021-05-25,06,quantile,0.5,107.6
2021-05-03,23 day ahead inc hosp,2021-05-26,06,quantile,0.5,103.8
2021-05-03,24 day ahead inc hosp,2021-05-27,06,quantile,0.5,100
2021-05-03,25 day ahead inc hosp,2021-05-28,06,quantile,0.5,96.42
2021-05-03,26 day ahead inc hosp,2021-05-29,06,quantile,0.5,92.9
2021-05-03,27 day ahead inc hosp,2021-05-30,06,quantile,0.5,89.48
2021-05-03,28 day ahead inc hosp,2021-05-31,06,quantile,0.5,86.16
2021-05-03,1 day ahead inc hosp,2021-05-04,06,quantile,0.55,222.2
2021-05-03,2 day ahead inc hosp,2021-05-05,06,quantile,0.55,215.9
2021-05-03,3 day ahead inc hosp,2021-05-06,06,quantile,0.55,209.8
2021-05-03,4 day ahead inc hosp,2021-05-07,06,quantile,0.55,203.7
2021-05-03,5 day ahead inc hosp,2021-05-08,06,quantile,0.55,197.8
2021-05-03,6 day ahead inc hosp,2021-05-09,06,quantile,0.55,191.9
2021-05-03,7 day ahead inc hosp,2021-05-10,06,quantile,0.55,186.2
2021-05-03,8 day ahead inc hosp,2021-05-11,06,quantile,0.55,180.6
2021-05-03,9 day ahead inc hosp,2021-05-12,06,quantile,0.55,175.1
2021-05-03,10 day ahead inc hosp,2021-05-13,06,quantile,0.55,169.8
2021-05-03,11 day ahead inc hosp,2021-05-14,06,quantile,0.55,164.5
2021-05-03,12 day ahead inc hosp,2021-05-15,06,quantile,0.55,159.4
2021-05-03,13 day ahead inc hosp,2021-05-16,06,quantile,0.55,154.4
2021-05-03,14 day ahead inc hosp,2021-05-17,06,quantile,0.55,149.6
2021-05-03,15 day ahead inc hosp,2021-05-18,06,quantile,0.55,144.8
2021-05-03,16 day ahead inc hosp,2021-05-19,06,quantile,0.55,140.2
2021-05-03,17 day ahead inc hosp,2021-05-20,06,quantile,0.55,135.6
2021-05-03,18 day ahead inc hosp,2021-05-21,06,quantile,0.55,131.2
2021-05-03,19 day ahead inc hosp,2021-05-22,06,quantile,0.55,127
2021-05-03,20 day ahead inc hosp,2021-05-23,06,quantile,0.55,122.8
2021-05-03,21 day ahead inc hosp,2021-05-24,06,quantile,0.55,118.7
2021-05-03,22 day ahead inc hosp,2021-05-25,06,quantile,0.55,114.8
2021-05-03,23 day ahead inc hosp,2021-05-26,06,quantile,0.55,110.9
2021-05-03,24 day ahead inc hosp,2021-05-27,06,quantile,0.55,107.2
2021-05-03,25 day ahead inc hosp,2021-05-28,06,quantile,0.55,103.6
2021-05-03,26 day ahead inc hosp,2021-05-29,06,quantile,0.55,100
2021-05-03,27 day ahead inc hosp,2021-05-30,06,quantile,0.55,96.6
2021-05-03,28 day ahead inc hosp,2021-05-31,06,quantile,0.55,93.28
2021-05-03,1 day ahead inc hosp,2021-05-04,06,quantile,0.6,229.6
2021-05-03,2 day ahead inc hosp,2021-05-05,06,quantile,0.6,223.3
2021-05-03,3 day ahead inc hosp,2021-05-06,06,quantile,0.6,217.2
2021-05-03,4 day ahead inc hosp,2021-05-07,06,quantile,0.6,211.1
2021-05-03,5 day ahead inc hosp,2021-05-08,06,quantile,0.6,205.1
2021-05-03,6 day ahead inc hosp,2021-05-09,06,quantile,0.6,199.3
2021-05-03,7 day ahead inc hosp,2021-05-10,06,quantile,0.6,193.6
2021-05-03,8 day ahead inc hosp,2021-05-11,06,quantile,0.6,188
2021-05-03,9 day ahead inc hosp,2021-05-12,06,quantile,0.6,182.5
2021-05-03,10 day ahead inc hosp,2021-05-13,06,quantile,0.6,177.1
2021-05-03,11 day ahead inc hosp,2021-05-14,06,quantile,0.6,171.9
2021-05-03,12 day ahead inc hosp,2021-05-15,06,quantile,0.6,166.7
2021-05-03,13 day ahead inc hosp,2021-05-16,06,quantile,0.6,161.7
2021-05-03,14 day ahead inc hosp,2021-05-17,06,quantile,0.6,156.9
2021-05-03,15 day ahead inc hosp,2021-05-18,06,quantile,0.6,152.1
2021-05-03,16 day ahead inc hosp,2021-05-19,06,quantile,0.6,147.5
2021-05-03,17 day ahead inc hosp,2021-05-20,06,quantile,0.6,142.9
2021-05-03,18 day ahead inc hosp,2021-05-21,06,quantile,0.6,138.5
2021-05-03,19 day ahead inc hosp,2021-05-22,06,quantile,0.6,134.2
2021-05-03,20 day ahead inc hosp,2021-05-23,06,quantile,0.6,130.1
2021-05-03,21 day ahead inc hosp,2021-05-24,06,quantile,0.6,126
2021-05-03,22 day ahead inc hosp,2021-05-25,06,quantile,0.6,122
2021-05-03,23 day ahead inc hosp,2021-05-26,06,quantile,0.6,118.2
2021-05-03,24 day ahead inc hosp,2021-05-27,06,quantile,0.6,114.4
2021-05-03,25 day ahead inc hosp,2021-05-28,06,quantile,0.6,110.8
2021-05-03,26 day ahead inc hosp,2021-05-29,06,quantile,0.6,107.3
2021-05-03,27 day ahead inc hosp,2021-05-30,06,quantile,0.6,103.8
2021-05-03,28 day ahead inc hosp,2021-05-31,06,quantile,0.6,100.5
2021-05-03,1 day ahead inc hosp,2021-05-04,06,quantile,0.65,237.2
2021-05-03,2 day ahead inc hosp,2021-05-05,06,quantile,0.65,231
2021-05-03,3 day ahead inc hosp,2021-05-06,06,quantile,0.65,224.8
2021-05-03,4 day ahead inc hosp,2021-05-07,06,quantile,0.65,218.7
2021-05-03,5 day ahead inc hosp,2021-05-08,06,quantile,0.65,212.8
2021-05-03,6 day ahead inc hosp,2021-05-09,06,quantile,0.65,206.9
2021-05-03,7 day ahead inc hosp,2021-05-10,06,quantile,0.65,201.2
2021-05-03,8 day ahead inc hosp,2021-05-11,06,quantile,0.65,195.6
2021-05-03,9 day ahead inc hosp,2021-05-12,06,quantile,0.65,190.1
2021-05-03,10 day ahead inc hosp,2021-05-13,06,quantile,0.65,184.7
2021-05-03,11 day ahead inc hosp,2021-05-14,06,quantile,0.65,179.4
2021-05-03,12 day ahead inc hosp,2021-05-15,06,quantile,0.65,174.3
2021-05-03,13 day ahead inc hosp,2021-05-16,06,quantile,0.65,169.3
2021-05-03,14 day ahead inc hosp,2021-05-17,06,quantile,0.65,164.4
2021-05-03,15 day ahead inc hosp,2021-05-18,06,quantile,0.65,159.6
2021-05-03,16 day ahead inc hosp,2021-05-19,06,quantile,0.65,155
2021-05-03,17 day ahead inc hosp,2021-05-20,06,quantile,0.65,150.5
2021-05-03,18 day ahead inc hosp,2021-05-21,06,quantile,0.65,146.1
2021-05-03,19 day ahead inc hosp,2021-05-22,06,quantile,0.65,141.8
2021-05-03,20 day ahead inc hosp,2021-05-23,06,quantile,0.65,137.6
2021-05-03,21 day ahead inc hosp,2021-05-24,06,quantile,0.65,133.5
2021-05-03,22 day ahead inc hosp,2021-05-25,06,quantile,0.65,129.5
2021-05-03,23 day ahead inc hosp,2021-05-26,06,quantile,0.65,125.7
2021-05-03,24 day ahead inc hosp,2021-05-27,06,quantile,0.65,121.9
2021-05-03,25 day ahead inc hosp,2021-05-28,06,quantile,0.65,118.3
2021-05-03,26 day ahead inc hosp,2021-05-29,06,quantile,0.65,114.8
2021-05-03,27 day ahead inc hosp,2021-05-30,06,quantile,0.65,111.3
2021-05-03,28 day ahead inc hosp,2021-05-31,06,quantile,0.65,108
2021-05-03,1 day ahead inc hosp,2021-05-04,06,quantile,0.7,245.3
2021-05-03,2 day ahead inc hosp,2021-05-05,06,quantile,0.7,239
2021-05-03,3 day ahead inc hosp,2021-05-06,06,quantile,0.7,232.8
2021-05-03,4 day ahead inc hosp,2021-05-07,06,quantile,0.7,226.8
2021-05-03,5 day ahead inc hosp,2021-05-08,06,quantile,0.7,220.8
2021-05-03,6 day ahead inc hosp,2021-05-09,06,quantile,0.7,214.9
2021-05-03,7 day ahead inc hosp,2021-05-10,06,quantile,0.7,209.2
2021-05-03,8 day ahead inc hosp,2021-05-11,06,quantile,0.7,203.6
2021-05-03,9 day ahead inc hosp,2021-05-12,06,quantile,0.7,198
2021-05-03,10 day ahead inc hosp,2021-05-13,06,quantile,0.7,192.7
2021-05-03,11 day ahead inc hosp,2021-05-14,06,quantile,0.7,187.4
2021-05-03,12 day ahead inc hosp,2021-05-15,06,quantile,0.7,182.3
2021-05-03,13 day ahead inc hosp,2021-05-16,06,quantile,0.7,177.3
2021-05-03,14 day ahead inc hosp,2021-05-17,06,quantile,0.7,172.4
2021-05-03,15 day ahead inc hosp,2021-05-18,06,quantile,0.7,167.6
2021-05-03,16 day ahead inc hosp,2021-05-19,06,quantile,0.7,162.9
2021-05-03,17 day ahead inc hosp,2021-05-20,06,quantile,0.7,158.4
2021-05-03,18 day ahead inc hosp,2021-05-21,06,quantile,0.7,154
2021-05-03,19 day ahead inc hosp,2021-05-22,06,quantile,0.7,149.7
2021-05-03,20 day ahead inc hosp,2021-05-23,06,quantile,0.7,145.5
2021-05-03,21 day ahead inc hosp,2021-05-24,06,quantile,0.7,141.4
2021-05-03,22 day ahead inc hosp,2021-05-25,06,quantile,0.7,137.4
2021-05-03,23 day ahead inc hosp,2021-05-26,06,quantile,0.7,133.6
2021-05-03,24 day ahead inc hosp,2021-05-27,06,quantile,0.7,129.8
2021-05-03,25 day ahead inc hosp,2021-05-28,06,quantile,0.7,126.2
2021-05-03,26 day ahead inc hosp,2021-05-29,06,quantile,0.7,122.7
2021-05-03,27 day ahead inc hosp,2021-05-30,06,quantile,0.7,119.2
2021-05-03,28 day ahead inc hosp,2021-05-31,06,quantile,0.7,115.9
2021-05-03,1 day ahead inc hosp,2021-05-04,06,quantile,0.75,254
2021-05-03,2 day ahead inc hosp,2021-05-05,06,quantile,0.75,247.7
2021-05-03,3 day ahead inc hosp,2021-05-06,06,quantile,0.75,241.5
2021-05-03,4 day ahead inc hosp,2021-05-07,06,quantile,0.75,235.4
2021-05-03,5 day ahead inc hosp,2021-05-08,06,quantile,0.75,229.4
2021-05-03,6 day ahead inc hosp,2021-05-09,06,quantile,0.75,223.6
2021-05-03,7 day ahead inc hosp,2021-05-10,06,quantile,0.75,217.8
2021-05-03,8 day ahead inc hosp,2021-05-11,06,quantile,0.75,212.2
2021-05-03,9 day ahead inc hosp,2021-05-12,06,quantile,0.75,206.7
2021-05-03,10 day ahead inc hosp,2021-05-13,06,quantile,0.75,201.3
2021-05-03,11 day ahead inc hosp,2021-05-14,06,quantile,0.75,196
2021-05-03,12 day ahead inc hosp,2021-05-15,06,quantile,0.75,190.9
2021-05-03,13 day ahead inc hosp,2021-05-16,06,quantile,0.75,185.9
2021-05-03,14 day ahead inc hosp,2021-05-17,06,quantile,0.75,181
2021-05-03,15 day ahead inc hosp,2021-05-18,06,quantile,0.75,176.2
2021-05-03,16 day ahead inc hosp,2021-05-19,06,quantile,0.75,171.5
2021-05-03,17 day ahead inc hosp,2021-05-20,06,quantile,0.75,167
2021-05-03,18 day ahead inc hosp,2021-05-21,06,quantile,0.75,162.5
2021-05-03,19 day ahead inc hosp,2021-05-22,06,quantile,0.75,158.2
2021-05-03,20 day ahead inc hosp,2021-05-23,06,quantile,0.75,154
2021-05-03,21 day ahead inc hosp,2021-05-24,06,quantile,0.75,150
2021-05-03,22 day ahead inc hosp,2021-05-25,06,quantile,0.75,146
2021-05-03,23 day ahead inc hosp,2021-05-26,06,quantile,0.75,142.1
2021-05-03,24 day ahead inc hosp,2021-05-27,06,quantile,0.75,138.4
2021-05-03,25 day ahead inc hosp,2021-05-28,06,quantile,0.75,134.7
2021-05-03,26 day ahead inc hosp,2021-05-29,06,quantile,0.75,131.2
2021-05-03,27 day ahead inc hosp,2021-05-30,06,quantile,0.75,127.7
2021-05-03,28 day ahead inc hosp,2021-05-31,06,quantile,0.75,124.4
2021-05-03,1 day ahead inc hosp,2021-05-04,06,quantile,0.8,263.6
2021-05-03,2 day ahead inc hosp,2021-05-05,06,quantile,0.8,257.4
2021-05-03,3 day ahead inc hosp,2021-05-06,06,quantile,0.8,251.2
2021-05-03,4 day ahead inc hosp,2021-05-07,06,quantile,0.8,245.1
2021-05-03,5 day ahead inc hosp,2021-05-08,06,quantile,0.8,239.1
2021-05-03,6 day ahead inc hosp,2021-05-09,06,quantile,0.8,233.2
2021-05-03,7 day ahead inc hosp,2021-05-10,06,quantile,0.8,227.4
2021-05-03,8 day ahead inc hosp,2021-05-11,06,quantile,0.8,221.8
2021-05-03,9 day ahead inc hosp,2021-05-12,06,quantile,0.8,216.3
2021-05-03,10 day ahead inc hosp,2021-05-13,06,quantile,0.8,210.9
2021-05-03,11 day ahead inc hosp,2021-05-14,06,quantile,0.8,205.6
2021-05-03,12 day ahead inc hosp,2021-05-15,06,quantile,0.8,200.5
2021-05-03,13 day ahead inc hosp,2021-05-16,06,quantile,0.8,195.4
2021-05-03,14 day ahead inc hosp,2021-05-17,06,quantile,0.8,190.5
2021-05-03,15 day ahead inc hosp,2021-05-18,06,quantile,0.8,185.7
2021-05-03,16 day ahead inc hosp,2021-05-19,06,quantile,0.8,181.1
2021-05-03,17 day ahead inc hosp,2021-05-20,06,quantile,0.8,176.5
2021-05-03,18 day ahead inc hosp,2021-05-21,06,quantile,0.8,172.1
2021-05-03,19 day ahead inc hosp,2021-05-22,06,quantile,0.8,167.8
2021-05-03,20 day ahead inc hosp,2021-05-23,06,quantile,0.8,163.6
2021-05-03,21 day ahead inc hosp,2021-05-24,06,quantile,0.8,159.5
2021-05-03,22 day ahead inc hosp,2021-05-25,06,quantile,0.8,155.5
2021-05-03,23 day ahead inc hosp,2021-05-26,06,quantile,0.8,151.6
2021-05-03,24 day ahead inc hosp,2021-05-27,06,quantile,0.8,147.9
2021-05-03,25 day ahead inc hosp,2021-05-28,06,quantile,0.8,144.2
2021-05-03,26 day ahead inc hosp,2021-05-29,06,quantile,0.8,140.6
2021-05-03,27 day ahead inc hosp,2021-05-30,06,quantile,0.8,137.2
2021-05-03,28 day ahead inc hosp,2021-05-31,06,quantile,0.8,133.9
2021-05-03,1 day ahead inc hosp,2021-05-04,06,quantile,0.85,274.9
2021-05-03,2 day ahead inc hosp,2021-05-05,06,quantile,0.85,268.6
2021-05-03,3 day ahead inc hosp,2021-05-06,06,quantile,0.85,262.4
2021-05-03,4 day ahead inc hosp,2021-05-07,06,quantile,0.85,256.3
2021-05-03,5 day ahead inc hosp,2021-05-08,06,quantile,0.85,250.3
2021-05-03,6 day ahead inc hosp,2021-05-09,06,quantile,0.85,244.4
2021-05-03,7 day ahead inc hosp,2021-05-10,06,quantile,0.85,238.7
2021-05-03,8 day ahead inc hosp,2021-05-11,06,quantile,0.85,233
2021-05-03,9 day ahead inc hosp,2021-05-12,06,quantile,0.85,227.5
2021-05-03,10 day ahead inc hosp,2021-05-13,06,quantile,0.85,222.1
2021-05-03,11 day ahead inc hosp,2021-05-14,06,quantile,0.85,216.8
2021-05-03,12 day ahead inc hosp,2021-05-15,06,quantile,0.85,211.6
2021-05-03,13 day ahead inc hosp,2021-05-16,06,quantile,0.85,206.6
2021-05-03,14 day ahead inc hosp,2021-05-17,06,quantile,0.85,201.7
2021-05-03,15 day ahead inc hosp,2021-05-18,06,quantile,0.85,196.9
2021-05-03,16 day ahead inc hosp,2021-05-19,06,quantile,0.85,192.2
2021-05-03,17 day ahead inc hosp,2021-05-20,06,quantile,0.85,187.6
2021-05-03,18 day ahead inc hosp,2021-05-21,06,quantile,0.85,183.2
2021-05-03,19 day ahead inc hosp,2021-05-22,06,quantile,0.85,178.9
2021-05-03,20 day ahead inc hosp,2021-05-23,06,quantile,0.85,174.7
2021-05-03,21 day ahead inc hosp,2021-05-24,06,quantile,0.85,170.6
2021-05-03,22 day ahead inc hosp,2021-05-25,06,quantile,0.85,166.6
2021-05-03,23 day ahead inc hosp,2021-05-26,06,quantile,0.85,162.7
2021-05-03,24 day ahead inc hosp,2021-05-27,06,quantile,0.85,158.9
2021-05-03,25 day ahead inc hosp,2021-05-28,06,quantile,0.85,155.3
2021-05-03,26 day ahead inc hosp,2021-05-29,06,quantile,0.85,151.7
2021-05-03,27 day ahead inc hosp,2021-05-30,06,quantile,0.85,148.2
2021-05-03,28 day ahead inc hosp,2021-05-31,06,quantile,0.85,144.9
2021-05-03,1 day ahead inc hosp,2021-05-04,06,quantile,0.9,289.1
2021-05-03,2 day ahead inc hosp,2021-05-05,06,quantile,0.9,282.8
2021-05-03,3 day ahead inc hosp,2021-05-06,06,quantile,0.9,276.6
2021-05-03,4 day ahead inc hosp,2021-05-07,06,quantile,0.9,270.5
2021-05-03,5 day ahead inc hosp,2021-05-08,06,quantile,0.9,264.5
2021-05-03,6 day ahead inc hosp,2021-05-09,06,quantile,0.9,258.5
2021-05-03,7 day ahead inc hosp,2021-05-10,06,quantile,0.9,252.8
2021-05-03,8 day ahead inc hosp,2021-05-11,06,quantile,0.9,247.1
2021-05-03,9 day ahead inc hosp,2021-05-12,06,quantile,0.9,241.6
2021-05-03,10 day ahead inc hosp,2021-05-13,06,quantile,0.9,236.1
2021-05-03,11 day ahead inc hosp,2021-05-14,06,quantile,0.9,230.8
2021-05-03,12 day ahead inc hosp,2021-05-15,06,quantile,0.9,225.7
2021-05-03,13 day ahead inc hosp,2021-05-16,06,quantile,0.9,220.6
2021-05-03,14 day ahead inc hosp,2021-05-17,06,quantile,0.9,215.7
2021-05-03,15 day ahead inc hosp,2021-05-18,06,quantile,0.9,210.9
2021-05-03,16 day ahead inc hosp,2021-05-19,06,quantile,0.9,206.2
2021-05-03,17 day ahead inc hosp,2021-05-20,06,quantile,0.9,201.6
2021-05-03,18 day ahead inc hosp,2021-05-21,06,quantile,0.9,197.2
2021-05-03,19 day ahead inc hosp,2021-05-22,06,quantile,0.9,192.8
2021-05-03,20 day ahead inc hosp,2021-05-23,06,quantile,0.9,188.6
2021-05-03,21 day ahead inc hosp,2021-05-24,06,quantile,0.9,184.5
2021-05-03,22 day ahead inc hosp,2021-05-25,06,quantile,0.9,180.5
2021-05-03,23 day ahead inc hosp,2021-05-26,06,quantile,0.9,176.6
2021-05-03,24 day ahead inc hosp,2021-05-27,06,quantile,0.9,172.8
2021-05-03,25 day ahead inc hosp,2021-05-28,06,quantile,0.9,169.2
2021-05-03,26 day ahead inc hosp,2021-05-29,06,quantile,0.9,165.6
2021-05-03,27 day ahead inc hosp,2021-05-30,06,quantile,0.9,162.1
2021-05-03,28 day ahead inc hosp,2021-05-31,06,quantile,0.9,158.8
2021-05-03,1 day ahead inc hosp,2021-05-04,06,quantile,0.95,310.2
2021-05-03,2 day ahead inc hosp,2021-05-05,06,quantile,0.95,303.8
2021-05-03,3 day ahead inc hosp,2021-05-06,06,quantile,0.95,297.6
2021-05-03,4 day ahead inc hosp,2021-05-07,06,quantile,0.95,291.4
2021-05-03,5 day ahead inc hosp,2021-05-08,06,quantile,0.95,285.4
2021-05-03,6 day ahead inc hosp,2021-05-09,06,quantile,0.95,279.5
2021-05-03,7 day ahead inc hosp,2021-05-10,06,quantile,0.95,273.7
2021-05-03,8 day ahead inc hosp,2021-05-11,06,quantile,0.95,268
2021-05-03,9 day ahead inc hosp,2021-05-12,06,quantile,0.95,262.4
2021-05-03,10 day ahead inc hosp,2021-05-13,06,quantile,0.95,257
2021-05-03,11 day ahead inc hosp,2021-05-14,06,quantile,0.95,251.7
2021-05-03,12 day ahead inc hosp,2021-05-15,06,quantile,0.95,246.5
2021-05-03,13 day ahead inc hosp,2021-05-16,06,quantile,0.95,241.4
2021-05-03,14 day ahead inc hosp,2021-05-17,06,quantile,0.95,236.5
2021-05-03,15 day ahead inc hosp,2021-05-18,06,quantile,0.95,231.6
2021-05-03,16 day ahead inc hosp,2021-05-19,06,quantile,0.95,226.9
2021-05-03,17 day ahead inc hosp,2021-05-20,06,quantile,0.95,222.4
2021-05-03,18 day ahead inc hosp,2021-05-21,06,quantile,0.95,217.9
2021-05-03,19 day ahead inc hosp,2021-05-22,06,quantile,0.95,213.5
2021-05-03,20 day ahead inc hosp,2021-05-23,06,quantile,0.95,209.3
2021-05-03,21 day ahead inc hosp,2021-05-24,06,quantile,0.95,205.2
2021-05-03,22 day ahead inc hosp,2021-05-25,06,quantile,0.95,201.2
2021-05-03,23 day ahead inc hosp,2021-05-26,06,quantile,0.95,197.3
2021-05-03,24 day ahead inc hosp,2021-05-27,06,quantile,0.95,193.5
2021-05-03,25 day ahead inc hosp,2021-05-28,06,quantile,0.95,189.8
2021-05-03,26 day ahead inc hosp,2021-05-29,06,quantile,0.95,186.2
2021-05-03,27 day ahead inc hosp,2021-05-30,06,quantile,0.95,182.7
2021-05-03,28 day ahead inc hosp,2021-05-31,06,quantile,0.95,179.4
2021-05-03,1 day ahead inc hosp,2021-05-04,06,quantile,0.975,328.4
2021-05-03,2 day ahead inc hosp,2021-05-05,06,quantile,0.975,322.1
2021-05-03,3 day ahead inc hosp,2021-05-06,06,quantile,0.975,315.8
2021-05-03,4 day ahead inc hosp,2021-05-07,06,quantile,0.975,309.6
2021-05-03,5 day ahead inc hosp,2021-05-08,06,quantile,0.975,303.6
2021-05-03,6 day ahead inc hosp,2021-05-09,06,quantile,0.975,297.6
2021-05-03,7 day ahead inc hosp,2021-05-10,06,quantile,0.975,291.8
2021-05-03,8 day ahead inc hosp,2021-05-11,06,quantile,0.975,286.1
2021-05-03,9 day ahead inc hosp,2021-05-12,06,quantile,0.975,280.5
2021-05-03,10 day ahead inc hosp,2021-05-13,06,quantile,0.975,275.1
2021-05-03,11 day ahead inc hosp,2021-05-14,06,quantile,0.975,269.8
2021-05-03,12 day ahead inc hosp,2021-05-15,06,quantile,0.975,264.5
2021-05-03,13 day ahead inc hosp,2021-05-16,06,quantile,0.975,259.5
2021-05-03,14 day ahead inc hosp,2021-05-17,06,quantile,0.975,254.5
2021-05-03,15 day ahead inc hosp,2021-05-18,06,quantile,0.975,249.7
2021-05-03,16 day ahead inc hosp,2021-05-19,06,quantile,0.975,244.9
2021-05-03,17 day ahead inc hosp,2021-05-20,06,quantile,0.975,240.3
2021-05-03,18 day ahead inc hosp,2021-05-21,06,quantile,0.975,235.9
2021-05-03,19 day ahead inc hosp,2021-05-22,06,quantile,0.975,231.5
2021-05-03,20 day ahead inc hosp,2021-05-23,06,quantile,0.975,227.3
2021-05-03,21 day ahead inc hosp,2021-05-24,06,quantile,0.975,223.1
2021-05-03,22 day ahead inc hosp,2021-05-25,06,quantile,0.975,219.1
2021-05-03,23 day ahead inc hosp,2021-05-26,06,quantile,0.975,215.2
2021-05-03,24 day ahead inc hosp,2021-05-27,06,quantile,0.975,211.4
2021-05-03,25 day ahead inc hosp,2021-05-28,06,quantile,0.975,207.7
2021-05-03,26 day ahead inc hosp,2021-05-29,06,quantile,0.975,204.1
2021-05-03,27 day ahead inc hosp,2021-05-30,06,quantile,0.975,200.6
2021-05-03,28 day ahead inc hosp,2021-05-31,06,quantile,0.975,197.2
2021-05-03,1 day ahead inc hosp,2021-05-04,06,quantile,0.99,349.6
2021-05-03,2 day ahead inc hosp,2021-05-05,06,quantile,0.99,343.3
2021-05-03,3 day ahead inc hosp,2021-05-06,06,quantile,0.99,337
2021-05-03,4 day ahead inc hosp,2021-05-07,06,quantile,0.99,330.8
2021-05-03,5 day ahead inc hosp,2021-05-08,06,quantile,0.99,324.7
2021-05-03,6 day ahead inc hosp,2021-05-09,06,quantile,0.99,318.8
2021-05-03,7 day ahead inc hosp,2021-05-10,06,quantile,0.99,312.9
2021-05-03,8 day ahead inc hosp,2021-05-11,06,quantile,0.99,307.2
2021-05-03,9 day ahead inc hosp,2021-05-12,06,quantile,0.99,301.6
2021-05-03,10 day ahead inc hosp,2021-05-13,06,quantile,0.99,296.1
2021-05-03,11 day ahead inc hosp,2021-05-14,06,quantile,0.99,290.8
2021-05-03,12 day ahead inc hosp,2021-05-15,06,quantile,0.99,285.5
2021-05-03,13 day ahead inc hosp,2021-05-16,06,quantile,0.99,280.4
2021-05-03,14 day ahead inc hosp,2021-05-17,06,quantile,0.99,275.5
2021-05-03,15 day ahead inc hosp,2021-05-18,06,quantile,0.99,270.6
2021-05-03,16 day ahead inc hosp,2021-05-19,06,quantile,0.99,265.9
2021-05-03,17 day ahead inc hosp,2021-05-20,06,quantile,0.99,261.3
2021-05-03,18 day ahead inc hosp,2021-05-21,06,quantile,0.99,256.8
2021-05-03,19 day ahead inc hosp,2021-05-22,06,quantile,0.99,252.4
2021-05-03,20 day ahead inc hosp,2021-05-23,06,quantile,0.99,248.1
2021-05-03,21 day ahead inc hosp,2021-05-24,06,quantile,0.99,244
2021-05-03,22 day ahead inc hosp,2021-05-25,06,quantile,0.99,239.9
2021-05-03,23 day ahead inc hosp,2021-05-26,06,quantile,0.99,236
2021-05-03,24 day ahead inc hosp,2021-05-27,06,quantile,0.99,232.2
2021-05-03,25 day ahead inc hosp,2021-05-28,06,quantile,0.99,228.5
2021-05-03,26 day ahead inc hosp,2021-05-29,06,quantile,0.99,224.9
2021-05-03,27 day ahead inc hosp,2021-05-30,06,quantile,0.99,221.4
2021-05-03,28 day ahead inc hosp,2021-05-31,06,quantile,0.99,218
2021-05-03,1 day ahead inc hosp,2021-05-04,06,point,NA,214.9
2021-05-03,2 day ahead inc hosp,2021-05-05,06,point,NA,208.7
2021-05-03,3 day ahead inc hosp,2021-05-06,06,point,NA,202.5
2021-05-03,4 day ahead inc hosp,2021-05-07,06,point,NA,196.5
2021-05-03,5 day ahead inc hosp,2021-05-08,06,point,NA,190.5
2021-05-03,6 day ahead inc hosp,2021-05-09,06,point,NA,184.7
2021-05-03,7 day ahead inc hosp,2021-05-10,06,point,NA,179
2021-05-03,8 day ahead inc hosp,2021-05-11,06,point,NA,173.4
2021-05-03,9 day ahead inc hosp,2021-05-12,06,point,NA,167.9
2021-05-03,10 day ahead inc hosp,2021-05-13,06,point,NA,162.6
2021-05-03,11 day ahead inc hosp,2021-05-14,06,point,NA,157.3
2021-05-03,12 day ahead inc hosp,2021-05-15,06,point,NA,152.2
2021-05-03,13 day ahead inc hosp,2021-05-16,06,point,NA,147.2
2021-05-03,14 day ahead inc hosp,2021-05-17,06,point,NA,142.4
2021-05-03,15 day ahead inc hosp,2021-05-18,06,point,NA,137.6
2021-05-03,16 day ahead inc hosp,2021-05-19,06,point,NA,133
2021-05-03,17 day ahead inc hosp,2021-05-20,06,point,NA,128.5
2021-05-03,18 day ahead inc hosp,2021-05-21,06,point,NA,124.1
2021-05-03,19 day ahead inc hosp,2021-05-22,06,point,NA,119.8
2021-05-03,20 day ahead inc hosp,2021-05-23,06,point,NA,115.6
2021-05-03,21 day ahead inc hosp,2021-05-24,06,point,NA,111.6
2021-05-03,22 day ahead inc hosp,2021-05-25,06,point,NA,107.6
2021-05-03,23 day ahead inc hosp,2021-05-26,06,point,NA,103.8
2021-05-03,24 day ahead inc hosp,2021-05-27,06,point,NA,100
2021-05-03,25 day ahead inc hosp,2021-05-28,06,point,NA,96.42
2021-05-03,26 day ahead inc hosp,2021-05-29,06,point,NA,92.9
2021-05-03,27 day ahead inc hosp,2021-05-30,06,point,NA,89.48
2021-05-03,28 day ahead inc hosp,2021-05-31,06,point,NA,86.16
2021-05-03,1 wk ahead inc death,2021-05-08,06,quantile,0.01,44.416
2021-05-03,2 wk ahead inc death,2021-05-15,06,quantile,0.01,0
2021-05-03,3 wk ahead inc death,2021-05-22,06,quantile,0.01,0
2021-05-03,4 wk ahead inc death,2021-05-29,06,quantile,0.01,0
2021-05-03,1 wk ahead inc death,2021-05-08,06,quantile,0.025,107.574
2021-05-03,2 wk ahead inc death,2021-05-15,06,quantile,0.025,47.803
2021-05-03,3 wk ahead inc death,2021-05-22,06,quantile,0.025,6.827
2021-05-03,4 wk ahead inc death,2021-05-29,06,quantile,0.025,0
2021-05-03,1 wk ahead inc death,2021-05-08,06,quantile,0.05,161.894
2021-05-03,2 wk ahead inc death,2021-05-15,06,quantile,0.05,106.383
2021-05-03,3 wk ahead inc death,2021-05-22,06,quantile,0.05,65.372
2021-05-03,4 wk ahead inc death,2021-05-29,06,quantile,0.05,18.692
2021-05-03,1 wk ahead inc death,2021-05-08,06,quantile,0.1,224.522
2021-05-03,2 wk ahead inc death,2021-05-15,06,quantile,0.1,173.921
2021-05-03,3 wk ahead inc death,2021-05-22,06,quantile,0.1,132.871
2021-05-03,4 wk ahead inc death,2021-05-29,06,quantile,0.1,86.142
2021-05-03,1 wk ahead inc death,2021-05-08,06,quantile,0.15,266.776
2021-05-03,2 wk ahead inc death,2021-05-15,06,quantile,0.15,219.49
2021-05-03,3 wk ahead inc death,2021-05-22,06,quantile,0.15,178.412
2021-05-03,4 wk ahead inc death,2021-05-29,06,quantile,0.15,131.65
2021-05-03,1 wk ahead inc death,2021-05-08,06,quantile,0.2,300.359
2021-05-03,2 wk ahead inc death,2021-05-15,06,quantile,0.2,255.706
2021-05-03,3 wk ahead inc death,2021-05-22,06,quantile,0.2,214.607
2021-05-03,4 wk ahead inc death,2021-05-29,06,quantile,0.2,167.818
2021-05-03,1 wk ahead inc death,2021-05-08,06,quantile,0.25,329.169
2021-05-03,2 wk ahead inc death,2021-05-15,06,quantile,0.25,286.776
2021-05-03,3 wk ahead inc death,2021-05-22,06,quantile,0.25,245.658
2021-05-03,4 wk ahead inc death,2021-05-29,06,quantile,0.25,198.847
2021-05-03,1 wk ahead inc death,2021-05-08,06,quantile,0.3,355.042
2021-05-03,2 wk ahead inc death,2021-05-15,06,quantile,0.3,314.678
2021-05-03,3 wk ahead inc death,2021-05-22,06,quantile,0.3,273.544
2021-05-03,4 wk ahead inc death,2021-05-29,06,quantile,0.3,226.712
2021-05-03,1 wk ahead inc death,2021-05-08,06,quantile,0.35,379.017
2021-05-03,2 wk ahead inc death,2021-05-15,06,quantile,0.35,340.533
2021-05-03,3 wk ahead inc death,2021-05-22,06,quantile,0.35,299.384
2021-05-03,4 wk ahead inc death,2021-05-29,06,quantile,0.35,252.534
2021-05-03,1 wk ahead inc death,2021-05-08,06,quantile,0.4,401.767
2021-05-03,2 wk ahead inc death,2021-05-15,06,quantile,0.4,365.067
2021-05-03,3 wk ahead inc death,2021-05-22,06,quantile,0.4,323.903
2021-05-03,4 wk ahead inc death,2021-05-29,06,quantile,0.4,277.036
2021-05-03,1 wk ahead inc death,2021-05-08,06,quantile,0.45,423.778
2021-05-03,2 wk ahead inc death,2021-05-15,06,quantile,0.45,388.804
2021-05-03,3 wk ahead inc death,2021-05-22,06,quantile,0.45,347.626
2021-05-03,4 wk ahead inc death,2021-05-29,06,quantile,0.45,300.741
2021-05-03,1 wk ahead inc death,2021-05-08,06,quantile,0.5,445.44
2021-05-03,2 wk ahead inc death,2021-05-15,06,quantile,0.5,412.165
2021-05-03,3 wk ahead inc death,2021-05-22,06,quantile,0.5,370.973
2021-05-03,4 wk ahead inc death,2021-05-29,06,quantile,0.5,324.071
2021-05-03,1 wk ahead inc death,2021-05-08,06,quantile,0.55,467.102
2021-05-03,2 wk ahead inc death,2021-05-15,06,quantile,0.55,435.526
2021-05-03,3 wk ahead inc death,2021-05-22,06,quantile,0.55,394.32
2021-05-03,4 wk ahead inc death,2021-05-29,06,quantile,0.55,347.401
2021-05-03,1 wk ahead inc death,2021-05-08,06,quantile,0.6,489.113
2021-05-03,2 wk ahead inc death,2021-05-15,06,quantile,0.6,459.263
2021-05-03,3 wk ahead inc death,2021-05-22,06,quantile,0.6,418.043
2021-05-03,4 wk ahead inc death,2021-05-29,06,quantile,0.6,371.107
2021-05-03,1 wk ahead inc death,2021-05-08,06,quantile,0.65,511.863
2021-05-03,2 wk ahead inc death,2021-05-15,06,quantile,0.65,483.797
2021-05-03,3 wk ahead inc death,2021-05-22,06,quantile,0.65,442.563
2021-05-03,4 wk ahead inc death,2021-05-29,06,quantile,0.65,395.609
2021-05-03,1 wk ahead inc death,2021-05-08,06,quantile,0.7,535.838
2021-05-03,2 wk ahead inc death,2021-05-15,06,quantile,0.7,509.653
2021-05-03,3 wk ahead inc death,2021-05-22,06,quantile,0.7,468.403
2021-05-03,4 wk ahead inc death,2021-05-29,06,quantile,0.7,421.43
2021-05-03,1 wk ahead inc death,2021-05-08,06,quantile,0.75,561.711
2021-05-03,2 wk ahead inc death,2021-05-15,06,quantile,0.75,537.555
2021-05-03,3 wk ahead inc death,2021-05-22,06,quantile,0.75,496.288
2021-05-03,4 wk ahead inc death,2021-05-29,06,quantile,0.75,449.295
2021-05-03,1 wk ahead inc death,2021-05-08,06,quantile,0.8,590.522
2021-05-03,2 wk ahead inc death,2021-05-15,06,quantile,0.8,568.625
2021-05-03,3 wk ahead inc death,2021-05-22,06,quantile,0.8,527.34
2021-05-03,4 wk ahead inc death,2021-05-29,06,quantile,0.8,480.325
2021-05-03,1 wk ahead inc death,2021-05-08,06,quantile,0.85,624.105
2021-05-03,2 wk ahead inc death,2021-05-15,06,quantile,0.85,604.841
2021-05-03,3 wk ahead inc death,2021-05-22,06,quantile,0.85,563.535
2021-05-03,4 wk ahead inc death,2021-05-29,06,quantile,0.85,516.493
2021-05-03,1 wk ahead inc death,2021-05-08,06,quantile,0.9,666.359
2021-05-03,2 wk ahead inc death,2021-05-15,06,quantile,0.9,650.409
2021-05-03,3 wk ahead inc death,2021-05-22,06,quantile,0.9,609.076
2021-05-03,4 wk ahead inc death,2021-05-29,06,quantile,0.9,562.001
2021-05-03,1 wk ahead inc death,2021-05-08,06,quantile,0.95,728.986
2021-05-03,2 wk ahead inc death,2021-05-15,06,quantile,0.95,717.948
2021-05-03,3 wk ahead inc death,2021-05-22,06,quantile,0.95,676.574
2021-05-03,4 wk ahead inc death,2021-05-29,06,quantile,0.95,629.451
2021-05-03,1 wk ahead inc death,2021-05-08,06,quantile,0.975,783.306
2021-05-03,2 wk ahead inc death,2021-05-15,06,quantile,0.975,776.528
2021-05-03,3 wk ahead inc death,2021-05-22,06,quantile,0.975,735.119
2021-05-03,4 wk ahead inc death,2021-05-29,06,quantile,0.975,687.953
2021-05-03,1 wk ahead inc death,2021-05-08,06,quantile,0.99,846.465
2021-05-03,2 wk ahead inc death,2021-05-15,06,quantile,0.99,844.64
2021-05-03,3 wk ahead inc death,2021-05-22,06,quantile,0.99,803.191
2021-05-03,4 wk ahead inc death,2021-05-29,06,quantile,0.99,755.975
2021-05-03,1 wk ahead inc death,2021-05-08,06,point,NA,445.44
2021-05-03,2 wk ahead inc death,2021-05-15,06,point,NA,412.165
2021-05-03,3 wk ahead inc death,2021-05-22,06,point,NA,370.973
2021-05-03,4 wk ahead inc death,2021-05-29,06,point,NA,324.071
